ID,Partnership Organization Name,"Department, Center, Institute Name of the Partnership Organization",Organization Type,Description of Partnership Activity,Partner's website and/or contact information,DWR Division/ Office/ Branch,Relevant DWR Program(s) and/ or Project(s),Main DWR Point of Contact,Partnership Type,How actively is DWR engaged in this partnership?,Status of Partnership,Relevant Contract/ Agreement,Total Contract Amount,Total Contract Amount v2,DWR Investments,Science and Technology Fields,Link to Main Product(s),Link to Secondary Product,DWR Strategic Plan Alignment,Has this partnership had any challenges or barriers?,"Are there opportunities to expand or improve this partnership? If so, what would be needed?",Modified,Modified By
1,"[""Highplains Research Network""]",Bureau of Water Resources,"[""Public Research Lab""]",Soil moisture and evapotranspiration modeling for agricultural water use.,https://www.example-partner-1.org,Executive,"[""Water Recycling Program""]","Davis, Morgan@DWR","[""Emerging Technology"", ""Data Sharing"", ""Monitoring""]",Moderately Active,"[""Active""]",,"$103,000",,"[""Equipment""]","[""Civil Engineering"", ""Water Resources Engineering"", ""Water Quality""]",,,Goal 3,Minor coordination challenges.,Better data sharing infrastructure.,8/23/2024 0:00,"Moore, Jamie"
2,"[""Blue River University""]",,"[""Network/ Collaborative""]",Genomic analysis of native fish populations for conservation planning.,https://www.example-partner-2.org,Multibenefit Initiatives,"[""Salmon Science Synthesis"", ""Interagency Ecological Program"", ""State Climatologist""]","Davis, Morgan@DWR","[""Research and Development"", ""Technical Assistance""]",Minimally Active,"[""Active""]",,,,"[""Equipment"", ""Staff Time""]","[""Geochemistry"", ""Water Quality"", ""Environmental Policy""]",,,,,,4/27/2024 0:00,"Anderson, Lee"
3,"[""Heritage River Trust""]",Department of Hydrology,"[""State agency or department""]",Snowpack monitoring and runoff forecasting for Sierra Nevada watersheds.,https://www.example-partner-3.org,Multibenefit Initiatives,"[""Delta Conveyance"", ""Salmon Science Synthesis"", ""Lower Elkhorn Bypass Levee Setback""]","Brown, Taylor@DWR","[""Monitoring"", ""Network/ Knowledge Exchange""]",Moderately Active,"[""Completed""]",,"$196,000",,"[""In-kind Support"", ""Staff Time""]","[""Fire"", ""Hydrology"", ""Water Resources Engineering"", ""Greenhouse Gas Management""]",https://example.org/report-3,,,Staff turnover.,Additional funding.,5/22/2023 0:00,"Williams, Sam"
4,"[""Central Valley Tech""]",Division of Ecological Studies,"[""Local or Regional agency""]",Terrestrial ecosystem monitoring in riparian corridors and floodplains.,https://www.example-partner-4.org,Planning,"[""Salmon Science Synthesis""]","Moore, Jamie@DWR","[""Network/ Knowledge Exchange""]",Very Active,"[""Pending""]",MOU-2024-004,,,"[""Equipment"", ""Data Access""]","[""Climatology"", ""Hydrology"", ""Geochemistry"", ""Terrestrial Ecology""]",,,Goal 2,Staff turnover.,Better data sharing infrastructure.,1/5/2024 0:00,"Moore, Jamie"
5,"[""Inland Watershed Lab""]",Center for Aquatic Biology,"[""NGO""]",Long-term ecological monitoring and data sharing for watershed health assessment.,https://www.example-partner-5.org,SWP – Engineering,"[""Delta Conveyance"", ""Urban Water Management""]","Martinez, Chris@DWR","[""Research and Development""]",Very Active,"[""Active""]",,,,"[""Financial Support"", ""Staff Time""]","[""Environmental Justice"", ""Decision Support""]",https://example.org/report-5,,Goal 2,,More staff capacity.,1/26/2024 0:00,"Thompson, Robin"
6,"[""Inland Watershed Lab""]",Division of Ecological Studies,"[""Local or Regional agency""]",Collaborative research on water resource management and climate adaptation strategies.,https://www.example-partner-6.org,SWP – Integrated Science and Engineering,"[""Delta Conveyance""]","Martinez, Chris@DWR","[""Monitoring""]",Minimally Active,"[""Inactive""]",,,,"[""Staff Time""]","[""Geology"", ""Greenhouse Gas Management""]",https://example.org/report-6,,,Staff turnover.,Better data sharing infrastructure.,2/17/2023 0:00,"Martinez, Chris"
7,"[""Tidal Marsh Collaborative""]",Division of Ecological Studies,"[""Local or Regional agency""]",Research on greenhouse gas emissions from managed wetlands and reservoirs.,https://www.example-partner-7.org,Planning,"[""Environmental Justice Program""]","Garcia, Maria@DWR","[""Emerging Technology"", ""Network/ Knowledge Exchange""]",Moderately Active,"[""Active""]",,"$239,000",,"[""Financial Support"", ""Data Access""]","[""STEM Education""]",,,Goal 3,Staff turnover.,Better data sharing infrastructure.,10/6/2024 0:00,"Williams, Sam"
8,"[""Lakeside Data Systems""]",Department of Hydrology,"[""State agency or department""]",Integrated hydrologic modeling for the Sacramento-San Joaquin Delta.,https://www.example-partner-8.org,Flood Operations,"[""Statewide Groundwater Monitoring""]","Jackson, Dana@DWR","[""Network/ Knowledge Exchange"", ""Monitoring"", ""Emerging Technology""]",Moderately Active,"[""Completed""]",MOU-2024-008,,,"[""Financial Support""]","[""Hydrology"", ""Meteorology"", ""Environmental Justice"", ""Natural Resource Economics""]",https://example.org/report-8,,Goal 4,,More staff capacity.,4/27/2024 0:00,"Chen, David"
9,"[""Delta Science Consortium""]",Center for Aquatic Biology,"[""Local or Regional agency""]",Long-term ecological monitoring and data sharing for watershed health assessment.,https://www.example-partner-9.org,Healthy Rivers and Landscapes,"[""Delta Conveyance"", ""Salmon Science Synthesis"", ""Interagency Ecological Program""]","Wilson, Casey@DWR","[""Data Sharing"", ""Research and Development"", ""Technical Assistance""]",Active,"[""Active""]",,"$489,000",,"[""Equipment""]","[""Environmental Policy"", ""Genomic DNA""]",https://example.org/report-9,,Goal 1,Budget constraints.,,7/22/2024 0:00,"Jackson, Dana"
10,"[""Redwood Basin Monitoring""]",,"[""Federal agency or department""]",Development of predictive models for flood forecasting and risk reduction.,https://www.example-partner-10.org,Healthy Rivers and Landscapes,"[""Environmental Justice Program""]","Moore, Jamie@DWR","[""Technical Assistance""]",Active,"[""Active""]",IGA-2023-010,"$458,000",,"[""Financial Support""]","[""Climatology""]",https://example.org/report-10,,,Budget constraints.,Better data sharing infrastructure.,6/27/2024 0:00,"Martinez, Chris"
11,"[""Eastbay Environmental Group""]",,"[""Federal agency or department""]",Collaborative research on water resource management and climate adaptation strategies.,https://www.example-partner-11.org,Sustainable Groundwater Management,"[""Climate Change Program"", ""Delta Conveyance"", ""Water Use Efficiency""]","Jackson, Dana@DWR","[""Network/ Knowledge Exchange"", ""Research and Development"", ""Scientific Research""]",Moderately Active,"[""Completed""]",,,,"[""Data Access""]","[""Water Resources Engineering"", ""Geophysics"", ""Decision Support""]",https://example.org/report-11,,,Staff turnover.,,6/8/2023 0:00,"Chen, David"
12,"[""Acme Water Research Institute""]",Bureau of Water Resources,"[""Tribe""]",Community engagement and environmental justice outreach for underserved communities.,https://www.example-partner-12.org,DRA – Regional Assistance,"[""State Climatologist"", ""Flood Risk Reduction"", ""Salton Sea Management Program""]","Thompson, Robin@DWR","[""Monitoring""]",Moderately Active,"[""Active""]",,,,"[""Financial Support"", ""Data Access""]","[""Snow"", ""Data Science ""]",https://example.org/report-12,,Goal 1,Minor coordination challenges.,Better data sharing infrastructure.,9/20/2024 0:00,"Thompson, Robin"
13,"[""Bay Area Water Authority""]",,"[""NGO""]",Development of predictive models for flood forecasting and risk reduction.,https://www.example-partner-13.org,Multibenefit Initiatives,"[""Climate Change Program"", ""SGMA Implementation""]","Moore, Jamie@DWR","[""Research and Development"", ""Data Sharing"", ""Technical Assistance""]",Active,"[""Active""]",MOU-2024-013,,,"[""Equipment""]","[""Snow"", ""Civil Engineering"", ""Hydrology"", ""Meteorology""]",,,Goal 3,,Additional funding.,3/14/2024 0:00,"Chen, David"
14,"[""Great Basin Water Network""]",Department of Hydrology,"[""Local or Regional agency""]",Decision support tools for integrated water resources planning.,https://www.example-partner-14.org,SWP – Integrated Science and Engineering,"[""Urban Water Management"", ""Lower Elkhorn Bypass Levee Setback""]","Garcia, Maria@DWR","[""Technical Assistance""]",Minimally Active,"[""Inactive""]",MOU-2024-014,,,"[""Data Access"", ""Equipment""]","[""Groundwater"", ""Natural Resource Economics"", ""Fire""]",,,Goal 1,Minor coordination challenges.,More staff capacity.,9/6/2023 0:00,"Brown, Taylor"
15,"[""Oceanic Flow Technologies""]",Department of Civil Engineering,"[""Federal agency or department""]",Terrestrial ecosystem monitoring in riparian corridors and floodplains.,https://www.example-partner-15.org,Public Affairs Office,"[""Delta Smelt Resiliency Strategy""]","Patel, Priya@DWR","[""Monitoring"", ""Data Sharing""]",Active,"[""Active""]",,"$386,000",,"[""Equipment""]","[""Soils""]",,,,Budget constraints.,Better data sharing infrastructure.,4/4/2023 0:00,"Patel, Priya"
16,"[""Highplains Research Network""]",Division of Ecological Studies,"[""Federal agency or department""]",Fire-hydrology interactions and post-fire watershed recovery studies.,https://www.example-partner-16.org,DRA – Southern Region,"[""SGMA Implementation""]","Smith, Jordan@DWR","[""Data Sharing"", ""Network/ Knowledge Exchange""]",Moderately Active,"[""Completed""]",,,,"[""Equipment"", ""Financial Support""]","[""Machine Learning ""]",https://example.org/report-16,,Goal 1,Minor coordination challenges.,Better data sharing infrastructure.,12/7/2024 0:00,"Garcia, Maria"
17,"[""Eastbay Environmental Group""]",Division of Ecological Studies,"[""Local or Regional agency""]",Integrated hydrologic modeling for the Sacramento-San Joaquin Delta.,https://www.example-partner-17.org,Sustainable Groundwater Management,"[""Water Recycling Program"", ""Environmental Justice Program"", ""Statewide Groundwater Monitoring""]","Garcia, Maria@DWR","[""Research and Development"", ""Network/ Knowledge Exchange"", ""Monitoring""]",Minimally Active,"[""Completed""]",,"$214,000",,"[""In-kind Support"", ""Financial Support""]","[""Invasive Species"", ""Climatology"", ""Fisheries Biology""]",https://example.org/report-17,,,Minor coordination challenges.,Better data sharing infrastructure.,11/28/2023 0:00,"Davis, Morgan"
18,"[""Oceanic Flow Technologies""]",Center for Water Science,"[""University""]",Geophysical surveys for aquifer characterization and subsidence monitoring.,https://www.example-partner-18.org,SWP – Engineering,"[""Climate Change Program"", ""Environmental Justice Program"", ""Water Use Efficiency""]","Garcia, Maria@DWR","[""Emerging Technology"", ""Monitoring""]",Very Active,"[""Active""]",IGA-2023-018,,,"[""In-kind Support""]","[""Environmental Engineering"", ""Environmental Policy"", ""Geology"", ""Geochemistry""]",https://example.org/report-18,,Goal 1,Minor coordination challenges.,,9/6/2024 0:00,"White, Avery"
19,"[""Highplains Research Network""]",Bureau of Water Resources,"[""University""]",Water quality monitoring network and data synthesis for regulatory compliance.,https://www.example-partner-19.org,Multibenefit Initiatives,"[""Delta Conveyance"", ""Water Use Efficiency"", ""Delta Smelt Resiliency Strategy""]","Jackson, Dana@DWR","[""Data Sharing"", ""Monitoring"", ""Research and Development""]",Very Active,"[""Active""]",MOU-2024-019,,,"[""Financial Support"", ""Data Access""]","[""Climatology"", ""Environmental Engineering"", ""Civil Engineering"", ""Aquatic Toxicology""]",,,Goal 3,Staff turnover.,,1/27/2024 0:00,"Anderson, Lee"
20,"[""Oceanic Flow Technologies""]",Institute for Climate Research,"[""Public/Private""]",Fire-hydrology interactions and post-fire watershed recovery studies.,https://www.example-partner-20.org,SWP – Engineering,"[""Flood Risk Reduction"", ""Delta Conveyance""]","Patel, Priya@DWR","[""Technical Assistance"", ""Monitoring"", ""Emerging Technology""]",Active,"[""Active""]",IGA-2023-020,,,"[""Financial Support""]","[""Environmental Policy"", ""Groundwater"", ""Meteorology"", ""Soils""]",,,Goal 2,Budget constraints.,More staff capacity.,7/26/2024 0:00,"Wilson, Casey"
21,"[""Quail Valley Environmental""]",School of Environmental Engineering,"[""Public Research Lab""]",Fire-hydrology interactions and post-fire watershed recovery studies.,https://www.example-partner-21.org,SWP – Engineering,"[""Salmon Science Synthesis"", ""Environmental Justice Program""]","Brown, Taylor@DWR","[""Emerging Technology""]",Very Active,"[""Active""]",IGA-2023-021,"$212,000",,"[""Equipment"", ""Financial Support""]","[""Water Quality"", ""Geology"", ""Invasive Species"", ""Geophysics""]",,,Goal 1,Staff turnover.,,11/3/2023 0:00,"Chen, David"
22,"[""Oceanic Flow Technologies""]",,"[""Federal agency or department""]",Long-term ecological monitoring and data sharing for watershed health assessment.,https://www.example-partner-22.org,Sustainable Groundwater Management,"[""SGMA Implementation"", ""Delta Conveyance""]","Garcia, Maria@DWR","[""Network/ Knowledge Exchange""]",Active,"[""Pending""]",MOU-2024-022,"$99,000",,"[""Financial Support"", ""In-kind Support""]","[""Civil Engineering"", ""Terrestrial Ecology"", ""Decision Support""]",https://example.org/report-22,,Goal 1,Staff turnover.,Better data sharing infrastructure.,11/14/2024 0:00,"Patel, Priya"
23,"[""Eastbay Environmental Group""]",Office of Watershed Management,"[""Public Research Lab""]",Restoration project evaluation and salmon habitat improvement studies.,https://www.example-partner-23.org,SWP – Modeling Support,"[""Climate Change Program"", ""Salton Sea Management Program""]","Anderson, Lee@DWR","[""Emerging Technology"", ""Technical Assistance"", ""Research and Development""]",Minimally Active,"[""Active""]",,"$94,000",,"[""In-kind Support""]","[""Environmental DNA"", ""Geology"", ""Soils""]",,,Goal 2,Minor coordination challenges.,Additional funding.,3/21/2023 0:00,"Anderson, Lee"
24,"[""Inland Watershed Lab""]",Division of Ecological Studies,"[""Network/ Collaborative""]",Urban stormwater management and green infrastructure effectiveness studies.,https://www.example-partner-24.org,DRA – North Central Region,"[""Environmental Justice Program"", ""Lower Elkhorn Bypass Levee Setback""]","Garcia, Maria@DWR","[""Scientific Research""]",Moderately Active,"[""Active""]",,"$188,000",,"[""Equipment"", ""Financial Support""]","[""Decision Support"", ""Water Resources Engineering"", ""Fisheries Biology"", ""Civil Engineering""]",,,,Budget constraints.,Better data sharing infrastructure.,6/10/2023 0:00,"Martinez, Chris"
25,"[""Tidal Marsh Collaborative""]",,"[""University""]",Decision support tools for integrated water resources planning.,https://www.example-partner-25.org,Multibenefit Initiatives,"[""Delta Smelt Resiliency Strategy""]","Chen, David@DWR","[""Scientific Research""]",Minimally Active,"[""Active""]",IGA-2023-025,,,"[""Staff Time"", ""In-kind Support""]","[""Machine Learning "", ""Environmental DNA""]",https://example.org/report-25,,Goal 3,Staff turnover.,Better data sharing infrastructure.,10/18/2023 0:00,"Wilson, Casey"
26,"[""Junction Climate Institute""]",Center for Aquatic Biology,"[""Federal agency or department""]",Fire-hydrology interactions and post-fire watershed recovery studies.,https://www.example-partner-26.org,Planning,"[""Water Use Efficiency"", ""Delta Smelt Resiliency Strategy"", ""Lower Elkhorn Bypass Levee Setback""]","Brown, Taylor@DWR","[""Technical Assistance"", ""Network/ Knowledge Exchange"", ""Emerging Technology""]",Very Active,"[""Active""]",,"$172,000",,"[""Equipment""]","[""Aquatic Ecology"", ""Geology"", ""Terrestrial Ecology""]",https://example.org/report-26,,,Budget constraints.,Additional funding.,5/23/2024 0:00,"Johnson, Alex"
27,"[""Blue River University""]",Center for Water Science,"[""Non-profit""]",Environmental DNA monitoring for invasive species early detection.,https://www.example-partner-27.org,DRA – Southern Region,"[""Climate Change Program"", ""SGMA Implementation"", ""Delta Conveyance""]","Moore, Jamie@DWR","[""Monitoring"", ""Scientific Research"", ""Network/ Knowledge Exchange""]",Moderately Active,"[""Inactive""]",IGA-2023-027,"$300,000",,"[""Staff Time""]","[""Climate Risk and Adaptation Planning"", ""Environmental Engineering"", ""Fisheries Biology""]",https://example.org/report-27,,Goal 2,,More staff capacity.,8/2/2024 0:00,"Anderson, Lee"
28,"[""Klamath River Studies Group""]",Department of Hydrology,"[""Local or Regional agency""]",Geophysical surveys for aquifer characterization and subsidence monitoring.,https://www.example-partner-28.org,DRA – Regional Assistance,"[""Lower Elkhorn Bypass Levee Setback"", ""Water Recycling Program"", ""Salton Sea Management Program""]","Williams, Sam@DWR","[""Monitoring""]",Very Active,"[""Inactive""]",,,,"[""In-kind Support"", ""Data Access""]","[""Climatology"", ""Groundwater""]",,,Goal 3,Budget constraints.,,8/27/2024 0:00,"Thompson, Robin"
29,"[""Lakeside Data Systems""]",Department of Civil Engineering,"[""Public/Private""]",Integrated hydrologic modeling for the Sacramento-San Joaquin Delta.,https://www.example-partner-29.org,DRA – Southern Region,"[""Flood Risk Reduction"", ""Salmon Science Synthesis"", ""Statewide Groundwater Monitoring""]","Garcia, Maria@DWR","[""Monitoring""]",Minimally Active,"[""Inactive""]",,,,"[""Equipment""]","[""Environmental DNA""]",,,Goal 4,,Better data sharing infrastructure.,12/18/2024 0:00,"Smith, Jordan"
30,"[""Bay Area Water Authority""]",Department of Hydrology,"[""Public/Private""]",Urban stormwater management and green infrastructure effectiveness studies.,https://www.example-partner-30.org,DRA – Water Use Efficiency,"[""Lower Elkhorn Bypass Levee Setback""]","Jackson, Dana@DWR","[""Research and Development"", ""Scientific Research""]",Active,"[""Active""]",IGA-2023-030,,,"[""Staff Time"", ""In-kind Support""]","[""Water Quality"", ""Environmental Justice""]",https://example.org/report-30,,Goal 3,Budget constraints.,Additional funding.,1/21/2024 0:00,"Davis, Morgan"
31,"[""Junction Climate Institute""]",Center for Water Science,"[""Non-profit""]",Restoration project evaluation and salmon habitat improvement studies.,https://www.example-partner-31.org,Executive,"[""Salton Sea Management Program"", ""Interagency Ecological Program""]","Chen, David@DWR","[""Technical Assistance"", ""Monitoring"", ""Network/ Knowledge Exchange""]",Active,"[""Active""]",,,,"[""In-kind Support""]","[""Climate Risk and Adaptation Planning"", ""Aquatic Ecology""]",,,Goal 1,Budget constraints.,More staff capacity.,12/7/2024 0:00,"Jackson, Dana"
32,"[""Acme Water Research Institute""]",Office of Watershed Management,"[""State agency or department""]",Development of predictive models for flood forecasting and risk reduction.,https://www.example-partner-32.org,Multibenefit Initiatives,"[""Statewide Groundwater Monitoring"", ""SGMA Implementation""]","Chen, David@DWR","[""Scientific Research"", ""Technical Assistance""]",Active,"[""Active""]",IGA-2023-032,,,"[""Data Access""]","[""Environmental Policy"", ""Invasive Species"", ""STEM Education""]",https://example.org/report-32,,Goal 4,,Additional funding.,9/5/2024 0:00,"Wilson, Casey"
33,"[""Lakeside Data Systems""]",Center for Water Science,"[""Local or Regional agency""]",Soil moisture and evapotranspiration modeling for agricultural water use.,https://www.example-partner-33.org,DRA – Water Use Efficiency,"[""Delta Conveyance"", ""Salton Sea Management Program"", ""Environmental Justice Program""]","Davis, Morgan@DWR","[""Data Sharing"", ""Monitoring""]",Moderately Active,"[""Completed""]",IGA-2023-033,"$289,000",,"[""In-kind Support"", ""Financial Support""]","[""Watershed Management""]",https://example.org/report-33,,Goal 1,Staff turnover.,Better data sharing infrastructure.,4/22/2023 0:00,"Moore, Jamie"
34,"[""Highplains Research Network""]",,"[""Local or Regional agency""]",Collaborative research on water resource management and climate adaptation strategies.,https://www.example-partner-34.org,Planning,"[""Statewide Groundwater Monitoring""]","Jackson, Dana@DWR","[""Network/ Knowledge Exchange"", ""Monitoring""]",Minimally Active,"[""Active""]",IGA-2023-034,,,"[""Data Access"", ""In-kind Support""]","[""Hydrology""]",,,Goal 2,Staff turnover.,More staff capacity.,8/9/2024 0:00,"Williams, Sam"
35,"[""Central Valley Tech""]",,"[""Non-profit""]",Research on greenhouse gas emissions from managed wetlands and reservoirs.,https://www.example-partner-35.org,SWP – Engineering,"[""Water Use Efficiency""]","Chen, David@DWR","[""Emerging Technology"", ""Network/ Knowledge Exchange""]",Very Active,"[""Active""]",MOU-2024-035,,,"[""Financial Support"", ""Equipment""]","[""Aquatic Toxicology""]",,,Goal 3,,Better data sharing infrastructure.,1/11/2023 0:00,"Anderson, Lee"
36,"[""Acme Water Research Institute""]",Department of Civil Engineering,"[""Tribe""]",Remote sensing and machine learning applications for water supply forecasting.,https://www.example-partner-36.org,DRA – Water Use Efficiency,"[""Climate Change Program"", ""Flood Risk Reduction""]","White, Avery@DWR","[""Network/ Knowledge Exchange"", ""Scientific Research""]",Very Active,"[""Completed""]",,,,"[""Financial Support""]","[""Data Science "", ""Invasive Species"", ""Machine Learning ""]",,,Goal 3,Budget constraints.,Additional funding.,12/29/2023 0:00,"Davis, Morgan"
37,"[""Western Watershed Council""]",,"[""NGO""]",Restoration project evaluation and salmon habitat improvement studies.,https://www.example-partner-37.org,Executive,"[""Interagency Ecological Program""]","Moore, Jamie@DWR","[""Monitoring"", ""Technical Assistance""]",Very Active,"[""Active""]",,,,"[""Staff Time""]","[""Data Science "", ""Climate Risk and Adaptation Planning""]",https://example.org/report-37,,,Minor coordination challenges.,More staff capacity.,9/9/2023 0:00,"Martinez, Chris"
38,"[""Klamath River Studies Group""]",Department of Civil Engineering,"[""Public/Private""]",Urban stormwater management and green infrastructure effectiveness studies.,https://www.example-partner-38.org,DRA – North Central Region,"[""Water Use Efficiency""]","Anderson, Lee@DWR","[""Monitoring"", ""Data Sharing""]",Very Active,"[""Inactive""]",IGA-2023-038,,,"[""Equipment"", ""Data Access""]","[""Meteorology"", ""Environmental Engineering""]",https://example.org/report-38,,Goal 4,Minor coordination challenges.,,4/22/2023 0:00,"Wilson, Casey"
39,"[""Central Valley Tech""]",Center for Water Science,"[""Local or Regional agency""]",Long-term ecological monitoring and data sharing for watershed health assessment.,https://www.example-partner-39.org,Healthy Rivers and Landscapes,"[""State Climatologist"", ""Flood Risk Reduction""]","Martinez, Chris@DWR","[""Network/ Knowledge Exchange"", ""Scientific Research"", ""Data Sharing""]",Very Active,"[""Completed""]",MOU-2024-039,"$296,000",,"[""Financial Support"", ""Equipment""]","[""Data Science "", ""Environmental DNA""]",https://example.org/report-39,,Goal 2,,,7/12/2023 0:00,"Williams, Sam"
40,"[""Golden State Hydrology Center""]",Center for Water Science,"[""State agency or department""]",Groundwater basin analysis and sustainable yield estimation under SGMA.,https://www.example-partner-40.org,DRA – Regional Assistance,"[""Lower Elkhorn Bypass Levee Setback"", ""Delta Smelt Resiliency Strategy""]","Martinez, Chris@DWR","[""Research and Development"", ""Emerging Technology"", ""Technical Assistance""]",Active,"[""Inactive""]",IGA-2023-040,,,"[""In-kind Support"", ""Financial Support""]","[""Environmental Justice"", ""Soils"", ""Data Science ""]",,,,Staff turnover.,Additional funding.,9/6/2024 0:00,"Johnson, Alex"
41,"[""Highplains Research Network""]",Bureau of Water Resources,"[""NGO""]",Long-term ecological monitoring and data sharing for watershed health assessment.,https://www.example-partner-41.org,Executive,"[""Delta Smelt Resiliency Strategy"", ""Interagency Ecological Program""]","Martinez, Chris@DWR","[""Emerging Technology"", ""Scientific Research"", ""Network/ Knowledge Exchange""]",Active,"[""Active""]",MOU-2024-041,,,"[""Data Access""]","[""Snow""]",,,Goal 1,Budget constraints.,,5/26/2024 0:00,"Jackson, Dana"
42,"[""Eastbay Environmental Group""]",Office of Watershed Management,"[""Public Research Lab""]",Soil moisture and evapotranspiration modeling for agricultural water use.,https://www.example-partner-42.org,Flood Operations,"[""Salton Sea Management Program"", ""Climate Change Program""]","Williams, Sam@DWR","[""Emerging Technology""]",Minimally Active,"[""Active""]",,"$147,000",,"[""Financial Support""]","[""Soils"", ""Greenhouse Gas Management""]",,,Goal 2,Budget constraints.,Additional funding.,7/12/2024 0:00,"White, Avery"
43,"[""Inland Watershed Lab""]",Department of Civil Engineering,"[""Public/Private""]",Climate vulnerability assessments and adaptation planning support.,https://www.example-partner-43.org,Executive,"[""Salton Sea Management Program""]","Smith, Jordan@DWR","[""Data Sharing"", ""Scientific Research""]",Active,"[""Completed""]",IGA-2023-043,,,"[""Equipment""]","[""Climate Risk and Adaptation Planning"", ""Environmental DNA"", ""Machine Learning "", ""Data Science ""]",,,Goal 3,Minor coordination challenges.,Better data sharing infrastructure.,9/1/2023 0:00,"Chen, David"
44,"[""Cascade Environmental Labs""]",School of Environmental Engineering,"[""Public/Private""]",Geophysical surveys for aquifer characterization and subsidence monitoring.,https://www.example-partner-44.org,SWP – Integrated Science and Engineering,"[""Environmental Justice Program""]","Jackson, Dana@DWR","[""Emerging Technology"", ""Research and Development"", ""Network/ Knowledge Exchange""]",Minimally Active,"[""Inactive""]",,"$168,000",,"[""Financial Support""]","[""Restoration Ecology"", ""Climatology""]",https://example.org/report-44,,,Minor coordination challenges.,,3/13/2023 0:00,"Smith, Jordan"
45,"[""Cascade Environmental Labs""]",Center for Water Science,"[""Network/ Collaborative""]",Fire-hydrology interactions and post-fire watershed recovery studies.,https://www.example-partner-45.org,Flood Operations,"[""Lower Elkhorn Bypass Levee Setback"", ""Water Use Efficiency"", ""Salmon Science Synthesis""]","Garcia, Maria@DWR","[""Network/ Knowledge Exchange""]",Active,"[""Active""]",,,,"[""Staff Time""]","[""Climate Risk and Adaptation Planning""]",https://example.org/report-45,,Goal 3,Minor coordination challenges.,,3/16/2023 0:00,"Thompson, Robin"
46,"[""Sierra Nevada Research Hub""]",School of Environmental Engineering,"[""Network/ Collaborative""]",Development of predictive models for flood forecasting and risk reduction.,https://www.example-partner-46.org,Healthy Rivers and Landscapes,"[""SGMA Implementation""]","Smith, Jordan@DWR","[""Scientific Research"", ""Data Sharing"", ""Monitoring""]",Moderately Active,"[""Active""]",,"$175,000",,"[""Data Access"", ""In-kind Support""]","[""Water Quality""]",,,Goal 2,Minor coordination challenges.,Better data sharing infrastructure.,10/20/2023 0:00,"Smith, Jordan"
47,"[""Sierra Nevada Research Hub""]",,"[""Federal agency or department""]",Soil moisture and evapotranspiration modeling for agricultural water use.,https://www.example-partner-47.org,Healthy Rivers and Landscapes,"[""Interagency Ecological Program"", ""Flood Risk Reduction""]","Jackson, Dana@DWR","[""Technical Assistance"", ""Network/ Knowledge Exchange"", ""Scientific Research""]",Very Active,"[""Completed""]",IGA-2023-047,,,"[""Staff Time"", ""Data Access""]","[""Genomic DNA""]",,,Goal 3,,More staff capacity.,5/6/2023 0:00,"Chen, David"
48,"[""Integrated Water Systems Inc""]",Office of Watershed Management,"[""University""]",Restoration project evaluation and salmon habitat improvement studies.,https://www.example-partner-48.org,SWP – Integrated Science and Engineering,"[""Water Recycling Program"", ""State Climatologist""]","Thompson, Robin@DWR","[""Data Sharing""]",Active,"[""Active""]",,,,"[""Equipment"", ""Staff Time""]","[""Environmental Justice"", ""Terrestrial Ecology"", ""Soils""]",https://example.org/report-48,,Goal 2,Minor coordination challenges.,More staff capacity.,7/27/2024 0:00,"Garcia, Maria"
49,"[""Mountain Hydro Solutions""]",Division of Ecological Studies,"[""State agency or department""]",Collaborative research on water resource management and climate adaptation strategies.,https://www.example-partner-49.org,Sustainable Groundwater Management,"[""SGMA Implementation"", ""Lower Elkhorn Bypass Levee Setback""]","White, Avery@DWR","[""Technical Assistance"", ""Emerging Technology"", ""Network/ Knowledge Exchange""]",Minimally Active,"[""Active""]",,"$338,000",,"[""Financial Support"", ""Equipment""]","[""Climate Risk and Adaptation Planning"", ""Data Science ""]",https://example.org/report-49,,Goal 4,Budget constraints.,Better data sharing infrastructure.,8/4/2024 0:00,"Anderson, Lee"
50,"[""Inland Watershed Lab""]",Department of Hydrology,"[""Network/ Collaborative""]",Development of predictive models for flood forecasting and risk reduction.,https://www.example-partner-50.org,DRA – Southern Region,"[""Climate Change Program"", ""Statewide Groundwater Monitoring""]","White, Avery@DWR","[""Emerging Technology"", ""Network/ Knowledge Exchange"", ""Technical Assistance""]",Minimally Active,"[""Active""]",IGA-2023-050,,,"[""Data Access""]","[""Genomic DNA"", ""Groundwater"", ""Geophysics""]",,,Goal 3,Minor coordination challenges.,,9/30/2023 0:00,"Patel, Priya"
51,"[""Coastline Data Partners""]",School of Environmental Engineering,"[""Local or Regional agency""]",Evaluation of nature-based flood attenuation in agricultural floodplains.,https://www.example-partner-51.org,Healthy Rivers and Landscapes,"[""Climate Change Program"", ""Delta Conveyance"", ""SGMA Implementation""]","Brown, Taylor@DWR","[""Scientific Research"", ""Emerging Technology"", ""Technical Assistance""]",Moderately Active,"[""Pending""]",,,,"[""Equipment""]","[""Data Science "", ""Aquatic Toxicology"", ""Geology""]",,,Goal 4,Minor coordination challenges.,Additional funding.,11/6/2024 0:00,"Patel, Priya"
52,"[""Bayshore Climate Collective""]",Department of Hydrology,"[""Federal agency or department""]",Investigation of drought impacts on native freshwater mussel communities.,https://www.example-partner-52.org,DRA – North Central Region,"[""Water Use Efficiency"", ""SGMA Implementation"", ""Urban Water Management""]","Wilson, Casey@DWR","[""Emerging Technology"", ""Research and Development"", ""Scientific Research""]",Very Active,"[""Pending""]",,,,"[""Staff Time"", ""In-kind Support""]","[""Climate Risk and Adaptation Planning""]",,,,Staff turnover.,Additional funding.,1/22/2024 0:00,"Smith, Jordan"
53,"[""Riparian Edge Institute""]",Division of Ecological Studies,"[""Federal agency or department""]",Monitoring of coastal wetland carbon sequestration under sea level rise scenarios.,https://www.example-partner-53.org,DRA – Southern Region,"[""Interagency Ecological Program""]","Brown, Taylor@DWR","[""Research and Development"", ""Technical Assistance""]",Active,"[""Pending""]",,"$107,000",,"[""Financial Support"", ""Equipment""]","[""Climatology""]",,,,,,1/28/2024 0:00,"Wilson, Casey"
54,"[""Dryland Research Network""]",Institute for Climate Research,"[""Tribe""]",Evaluation of habitat connectivity for migratory waterfowl in managed wetlands.,https://www.example-partner-54.org,Sustainable Groundwater Management,"[""Delta Smelt Resiliency Strategy"", ""Interagency Ecological Program"", ""State Climatologist""]","Chen, David@DWR","[""Research and Development"", ""Technical Assistance""]",Active,"[""Active""]",,"$360,000",,"[""Staff Time"", ""Equipment""]","[""Aquatic Ecology"", ""Data Science ""]",,,,,Better data sharing infrastructure.,9/16/2024 0:00,"Williams, Sam"
55,"[""Bayshore Climate Collective""]",School of Environmental Engineering,"[""Non-profit""]",Assessment of levee seepage and internal erosion risk under climate extremes.,https://www.example-partner-55.org,Sustainable Groundwater Management,"[""SGMA Implementation"", ""Interagency Ecological Program""]","Anderson, Lee@DWR","[""Scientific Research""]",Very Active,"[""Inactive""]",,"$192,000",,"[""Staff Time""]","[""Meteorology""]",,,,Staff turnover.,Additional funding.,11/22/2024 0:00,"Williams, Sam"
56,"[""Alpine Watershed Institute""]",Division of Ecological Studies,"[""Non-profit""]",Investigation of drought impacts on native freshwater mussel communities.,https://www.example-partner-56.org,Planning,"[""Water Use Efficiency""]","Patel, Priya@DWR","[""Scientific Research"", ""Data Sharing"", ""Technical Assistance""]",Very Active,"[""Completed""]",,"$327,000",,"[""Data Access"", ""Equipment""]","[""Climate Risk and Adaptation Planning""]",,,,,,1/23/2024 0:00,"Johnson, Alex"
57,"[""Dryland Research Network""]",School of Environmental Engineering,"[""Federal agency or department""]",Development of early warning systems for harmful algal blooms in reservoirs.,https://www.example-partner-57.org,Flood Operations,"[""SGMA Implementation""]","Smith, Jordan@DWR","[""Technical Assistance""]",Active,"[""Completed""]",,,,"[""Financial Support""]","[""Meteorology"", ""Natural Resource Economics""]",,,Goal 3,Staff turnover.,Additional funding.,2/16/2024 0:00,"Chen, David"
58,"[""Marsh Edge Collaborative""]",,"[""Non-profit""]",Assessment of levee seepage and internal erosion risk under climate extremes.,https://www.example-partner-58.org,SWP – Modeling Support,"[""Climate Change Program"", ""Flood Risk Reduction"", ""Delta Conveyance""]","Patel, Priya@DWR","[""Data Sharing"", ""Network/ Knowledge Exchange""]",Moderately Active,"[""Active""]",IGA-2024-058,"$323,000",,"[""Staff Time""]","[""Aquatic Ecology""]",,,,Budget constraints.,,8/28/2024 0:00,"Anderson, Lee"
59,"[""Harbor Water Solutions""]",Institute for Climate Research,"[""State agency or department""]",Analysis of microplastic contamination in drinking water source watersheds.,https://www.example-partner-59.org,DRA – Southern Region,"[""Urban Water Management""]","Anderson, Lee@DWR","[""Data Sharing"", ""Scientific Research"", ""Research and Development""]",Moderately Active,"[""Pending""]",MOU-2024-059,"$318,000",,"[""Equipment""]","[""Decision Support"", ""Geology"", ""Water Quality"", ""Invasive Species""]",https://example.org/report-59,,,,Better data sharing infrastructure.,3/15/2024 0:00,"Thompson, Robin"
60,"[""Saltmarsh Science Network""]",,"[""NGO""]",Monitoring of coastal wetland carbon sequestration under sea level rise scenarios.,https://www.example-partner-60.org,DRA – Southern Region,"[""SGMA Implementation"", ""Water Use Efficiency"", ""Interagency Ecological Program""]","Wilson, Casey@DWR","[""Data Sharing"", ""Scientific Research""]",Very Active,"[""Active""]",IGA-2024-060,"$447,000",,"[""Data Access"", ""Equipment""]","[""Terrestrial Ecology"", ""Data Science "", ""Meteorology""]",https://example.org/report-60,,,,,10/12/2024 0:00,"Johnson, Alex"
61,"[""Riparian Edge Institute""]",Division of Ecological Studies,"[""University""]",Monitoring of coastal wetland carbon sequestration under sea level rise scenarios.,https://www.example-partner-61.org,SWP – Integrated Science and Engineering,"[""Interagency Ecological Program"", ""Salmon Science Synthesis""]","Brown, Taylor@DWR","[""Technical Assistance"", ""Research and Development"", ""Network/ Knowledge Exchange""]",Moderately Active,"[""Active""]",IGA-2024-061,,,"[""In-kind Support"", ""Staff Time""]","[""Environmental Engineering"", ""Groundwater""]",https://example.org/report-61,,Goal 1,Staff turnover.,Better data sharing infrastructure.,5/30/2024 0:00,"Patel, Priya"
62,"[""Marsh Edge Collaborative""]",Center for Water Science,"[""Non-profit""]",Modeling of permafrost thaw impacts on headwater stream chemistry.,https://www.example-partner-62.org,DRA – North Central Region,"[""Delta Smelt Resiliency Strategy"", ""Urban Water Management""]","Thompson, Robin@DWR","[""Data Sharing""]",Active,"[""Completed""]",IGA-2024-062,"$143,000",,"[""Staff Time""]","[""Environmental Engineering"", ""Climatology"", ""Decision Support"", ""Invasive Species""]",,,,Budget constraints.,More staff capacity.,1/16/2024 0:00,"Anderson, Lee"
63,"[""Oasis Water Technology""]",Department of Hydrology,"[""Local or Regional agency""]",Assessment of groundwater-surface water interactions in managed aquifer recharge zones.,https://www.example-partner-63.org,SWP – Integrated Science and Engineering,"[""Water Use Efficiency"", ""SGMA Implementation"", ""Salmon Science Synthesis""]","Martinez, Chris@DWR","[""Scientific Research""]",Very Active,"[""Completed""]",,"$76,000",,"[""Equipment""]","[""Environmental Justice"", ""Snow"", ""Water Quality""]",https://example.org/report-63,,,Minor coordination challenges.,Better data sharing infrastructure.,9/18/2024 0:00,"Williams, Sam"
64,"[""Kelp Forest Alliance""]",,"[""University""]",Evaluation of nature-based flood attenuation in agricultural floodplains.,https://www.example-partner-64.org,Flood Operations,"[""Salmon Science Synthesis""]","Johnson, Alex@DWR","[""Scientific Research""]",Active,"[""Completed""]",,,,"[""In-kind Support"", ""Equipment""]","[""Environmental Engineering"", ""Natural Resource Economics"", ""Invasive Species""]",,,Goal 3,Budget constraints.,Better data sharing infrastructure.,6/19/2024 0:00,"Thompson, Robin"
65,"[""Fenland Hydrology Group""]",Institute for Climate Research,"[""University""]",Long-term monitoring of riparian bird populations as ecosystem health indicators.,https://www.example-partner-65.org,DRA – Water Use Efficiency,"[""Interagency Ecological Program""]","Anderson, Lee@DWR","[""Research and Development"", ""Technical Assistance"", ""Scientific Research""]",Very Active,"[""Active""]",,,,"[""In-kind Support""]","[""Data Science ""]",,,,,,12/18/2024 0:00,"Patel, Priya"
66,"[""Bayshore Climate Collective""]",Department of Hydrology,"[""State agency or department""]",Assessment of groundwater-surface water interactions in managed aquifer recharge zones.,https://www.example-partner-66.org,SWP – Integrated Science and Engineering,"[""Climate Change Program""]","Williams, Sam@DWR","[""Network/ Knowledge Exchange""]",Moderately Active,"[""Inactive""]",,"$126,000",,"[""In-kind Support""]","[""Aquatic Toxicology""]",,,Goal 1,Budget constraints.,Additional funding.,12/22/2024 0:00,"Williams, Sam"
67,"[""Fenland Hydrology Group""]",Center for Water Science,"[""Local or Regional agency""]",Analysis of urban heat island effects on local precipitation patterns.,https://www.example-partner-67.org,Sustainable Groundwater Management,"[""SGMA Implementation"", ""Delta Conveyance""]","Chen, David@DWR","[""Technical Assistance"", ""Data Sharing"", ""Emerging Technology""]",Active,"[""Inactive""]",MOU-2024-067,,,"[""Equipment""]","[""Fisheries Biology"", ""Environmental Justice""]",https://example.org/report-67,,Goal 3,Budget constraints.,Additional funding.,2/12/2024 0:00,"Johnson, Alex"
68,"[""Pinecrest Ecology Group""]",Institute for Climate Research,"[""University""]",Analysis of urban heat island effects on local precipitation patterns.,https://www.example-partner-68.org,SWP – Integrated Science and Engineering,"[""Interagency Ecological Program""]","Patel, Priya@DWR","[""Scientific Research"", ""Research and Development"", ""Technical Assistance""]",Moderately Active,"[""Active""]",,,,"[""Equipment"", ""Data Access""]","[""Civil Engineering"", ""Soils""]",,,Goal 1,Budget constraints.,Additional funding.,8/25/2024 0:00,"Williams, Sam"
69,"[""Riparian Edge Institute""]",,"[""Tribe""]",Evaluation of habitat connectivity for migratory waterfowl in managed wetlands.,https://www.example-partner-69.org,SWP – Modeling Support,"[""SGMA Implementation"", ""Flood Risk Reduction"", ""Delta Conveyance""]","Anderson, Lee@DWR","[""Monitoring"", ""Scientific Research"", ""Data Sharing""]",Very Active,"[""Completed""]",IGA-2024-069,"$250,000",,"[""Financial Support"", ""In-kind Support""]","[""Environmental DNA""]",,,Goal 3,Staff turnover.,Better data sharing infrastructure.,3/27/2024 0:00,"Martinez, Chris"
70,"[""Oasis Water Technology""]",Center for Water Science,"[""Federal agency or department""]",Assessment of groundwater-surface water interactions in managed aquifer recharge zones.,https://www.example-partner-70.org,Healthy Rivers and Landscapes,"[""Delta Conveyance"", ""Urban Water Management"", ""Delta Smelt Resiliency Strategy""]","Brown, Taylor@DWR","[""Data Sharing"", ""Network/ Knowledge Exchange""]",Very Active,"[""Active""]",,,,"[""Equipment""]","[""Geochemistry"", ""Soils""]",https://example.org/report-70,,Goal 1,,,2/22/2024 0:00,"Davis, Morgan"




